{"0":{"precision":0.0612244898,"recall":0.1875,"f1-score":0.0923076923,"support":16.0},"1":{"precision":0.0,"recall":0.0,"f1-score":0.0,"support":5.0},"2":{"precision":0.0,"recall":0.0,"f1-score":0.0,"support":3.0},"3":{"precision":0.0,"recall":0.0,"f1-score":0.0,"support":9.0},"4":{"precision":0.25,"recall":0.1538461538,"f1-score":0.1904761905,"support":13.0},"5":{"precision":0.1714285714,"recall":0.2608695652,"f1-score":0.2068965517,"support":23.0},"6":{"precision":0.3565891473,"recall":0.8363636364,"f1-score":0.5,"support":55.0},"7":{"precision":0.0,"recall":0.0,"f1-score":0.0,"support":4.0},"8":{"precision":0.347826087,"recall":0.5,"f1-score":0.4102564103,"support":16.0},"9":{"precision":0.2083333333,"recall":0.1612903226,"f1-score":0.1818181818,"support":31.0},"10":{"precision":0.5,"recall":1.0,"f1-score":0.6666666667,"support":1.0},"11":{"precision":0.0,"recall":0.0,"f1-score":0.0,"support":3.0},"12":{"precision":0.1428571429,"recall":0.1111111111,"f1-score":0.125,"support":18.0},"13":{"precision":0.1,"recall":0.05,"f1-score":0.0666666667,"support":20.0},"14":{"precision":0.0,"recall":0.0,"f1-score":0.0,"support":14.0},"15":{"precision":0.2091503268,"recall":0.5925925926,"f1-score":0.309178744,"support":54.0},"16":{"precision":0.4,"recall":0.1052631579,"f1-score":0.1666666667,"support":19.0},"17":{"precision":0.1111111111,"recall":0.125,"f1-score":0.1176470588,"support":8.0},"18":{"precision":0.0,"recall":0.0,"f1-score":0.0,"support":4.0},"19":{"precision":0.0,"recall":0.0,"f1-score":0.0,"support":5.0},"20":{"precision":0.4285714286,"recall":0.3,"f1-score":0.3529411765,"support":10.0},"21":{"precision":0.0,"recall":0.0,"f1-score":0.0,"support":4.0},"22":{"precision":0.0,"recall":0.0,"f1-score":0.0,"support":2.0},"23":{"precision":0.0,"recall":0.0,"f1-score":0.0,"support":12.0},"24":{"precision":0.0,"recall":0.0,"f1-score":0.0,"support":5.0},"25":{"precision":0.4,"recall":0.3333333333,"f1-score":0.3636363636,"support":6.0},"26":{"precision":0.0,"recall":0.0,"f1-score":0.0,"support":7.0},"27":{"precision":0.0,"recall":0.0,"f1-score":0.0,"support":2.0},"28":{"precision":0.0,"recall":0.0,"f1-score":0.0,"support":1.0},"29":{"precision":1.0,"recall":0.5,"f1-score":0.6666666667,"support":2.0},"30":{"precision":1.0,"recall":0.0666666667,"f1-score":0.125,"support":15.0},"31":{"precision":0.0,"recall":0.0,"f1-score":0.0,"support":12.0},"32":{"precision":0.0,"recall":0.0,"f1-score":0.0,"support":2.0},"33":{"precision":0.1666666667,"recall":0.05,"f1-score":0.0769230769,"support":20.0},"34":{"precision":0.0,"recall":0.0,"f1-score":0.0,"support":21.0},"35":{"precision":0.0,"recall":0.0,"f1-score":0.0,"support":15.0},"36":{"precision":0.0,"recall":0.0,"f1-score":0.0,"support":10.0},"37":{"precision":0.1129032258,"recall":0.2413793103,"f1-score":0.1538461538,"support":29.0},"38":{"precision":0.0,"recall":0.0,"f1-score":0.0,"support":5.0},"39":{"precision":0.0,"recall":0.0,"f1-score":0.0,"support":4.0},"40":{"precision":1.0,"recall":0.0833333333,"f1-score":0.1538461538,"support":12.0},"41":{"precision":0.0,"recall":0.0,"f1-score":0.0,"support":8.0},"42":{"precision":0.0,"recall":0.0,"f1-score":0.0,"support":5.0},"43":{"precision":0.0,"recall":0.0,"f1-score":0.0,"support":12.0},"44":{"precision":0.0,"recall":0.0,"f1-score":0.0,"support":1.0},"45":{"precision":0.0487804878,"recall":0.125,"f1-score":0.0701754386,"support":16.0},"46":{"precision":0.0,"recall":0.0,"f1-score":0.0,"support":17.0},"47":{"precision":0.2666666667,"recall":0.1666666667,"f1-score":0.2051282051,"support":24.0},"48":{"precision":0.1428571429,"recall":0.2307692308,"f1-score":0.1764705882,"support":13.0},"49":{"precision":0.0,"recall":0.0,"f1-score":0.0,"support":3.0},"50":{"precision":0.2075471698,"recall":0.4230769231,"f1-score":0.2784810127,"support":26.0},"51":{"precision":0.3333333333,"recall":0.125,"f1-score":0.1818181818,"support":8.0},"52":{"precision":0.0,"recall":0.0,"f1-score":0.0,"support":10.0},"53":{"precision":0.131147541,"recall":0.2285714286,"f1-score":0.1666666667,"support":35.0},"54":{"precision":0.0,"recall":0.0,"f1-score":0.0,"support":10.0},"55":{"precision":0.0,"recall":0.0,"f1-score":0.0,"support":14.0},"56":{"precision":0.0,"recall":0.0,"f1-score":0.0,"support":3.0},"57":{"precision":0.0,"recall":0.0,"f1-score":0.0,"support":5.0},"58":{"precision":0.0,"recall":0.0,"f1-score":0.0,"support":2.0},"59":{"precision":0.82,"recall":0.5942028986,"f1-score":0.6890756303,"support":69.0},"60":{"precision":0.5714285714,"recall":0.2,"f1-score":0.2962962963,"support":20.0},"61":{"precision":0.0833333333,"recall":0.0833333333,"f1-score":0.0833333333,"support":12.0},"62":{"precision":0.0,"recall":0.0,"f1-score":0.0,"support":5.0},"63":{"precision":0.1428571429,"recall":0.1666666667,"f1-score":0.1538461538,"support":18.0},"64":{"precision":0.25,"recall":0.0625,"f1-score":0.1,"support":16.0},"65":{"precision":0.0,"recall":0.0,"f1-score":0.0,"support":4.0},"66":{"precision":0.0,"recall":0.0,"f1-score":0.0,"support":4.0},"67":{"precision":0.0,"recall":0.0,"f1-score":0.0,"support":5.0},"68":{"precision":0.1428571429,"recall":0.1052631579,"f1-score":0.1212121212,"support":19.0},"69":{"precision":0.0,"recall":0.0,"f1-score":0.0,"support":1.0},"70":{"precision":0.0,"recall":0.0,"f1-score":0.0,"support":6.0},"71":{"precision":0.0,"recall":0.0,"f1-score":0.0,"support":4.0},"72":{"precision":0.0,"recall":0.0,"f1-score":0.0,"support":9.0},"73":{"precision":0.0,"recall":0.0,"f1-score":0.0,"support":2.0},"74":{"precision":0.3693693694,"recall":0.6307692308,"f1-score":0.4659090909,"support":65.0},"75":{"precision":0.0,"recall":0.0,"f1-score":0.0,"support":1.0},"76":{"precision":0.0,"recall":0.0,"f1-score":0.0,"support":8.0},"77":{"precision":0.0,"recall":0.0,"f1-score":0.0,"support":12.0},"78":{"precision":0.0,"recall":0.0,"f1-score":0.0,"support":16.0},"79":{"precision":0.3043478261,"recall":0.3888888889,"f1-score":0.3414634146,"support":36.0},"80":{"precision":0.0,"recall":0.0,"f1-score":0.0,"support":14.0},"81":{"precision":0.0,"recall":0.0,"f1-score":0.0,"support":2.0},"82":{"precision":0.0,"recall":0.0,"f1-score":0.0,"support":2.0},"83":{"precision":0.0,"recall":0.0,"f1-score":0.0,"support":5.0},"84":{"precision":0.1732283465,"recall":0.5365853659,"f1-score":0.2619047619,"support":41.0},"85":{"precision":0.0,"recall":0.0,"f1-score":0.0,"support":10.0},"86":{"precision":0.0,"recall":0.0,"f1-score":0.0,"support":10.0},"87":{"precision":0.0,"recall":0.0,"f1-score":0.0,"support":10.0},"88":{"precision":0.0,"recall":0.0,"f1-score":0.0,"support":11.0},"89":{"precision":0.3333333333,"recall":0.1,"f1-score":0.1538461538,"support":10.0},"90":{"precision":0.1627906977,"recall":0.4375,"f1-score":0.2372881356,"support":32.0},"91":{"precision":0.25,"recall":0.1428571429,"f1-score":0.1818181818,"support":7.0},"92":{"precision":0.0,"recall":0.0,"f1-score":0.0,"support":5.0},"93":{"precision":0.0,"recall":0.0,"f1-score":0.0,"support":3.0},"94":{"precision":0.0,"recall":0.0,"f1-score":0.0,"support":12.0},"95":{"precision":0.0,"recall":0.0,"f1-score":0.0,"support":6.0},"96":{"precision":0.0,"recall":0.0,"f1-score":0.0,"support":12.0},"97":{"precision":0.0,"recall":0.0,"f1-score":0.0,"support":12.0},"98":{"precision":0.0,"recall":0.0,"f1-score":0.0,"support":2.0},"99":{"precision":0.0,"recall":0.0,"f1-score":0.0,"support":5.0},"100":{"precision":0.3333333333,"recall":0.0434782609,"f1-score":0.0769230769,"support":23.0},"101":{"precision":0.0,"recall":0.0,"f1-score":0.0,"support":0.0},"micro avg":{"precision":0.2316602317,"recall":0.2316602317,"f1-score":0.2316602317,"support":1295.0},"macro avg":{"precision":0.1179791468,"recall":0.1024478272,"f1-score":0.0898833026,"support":1295.0},"weighted avg":{"precision":0.2061530871,"recall":0.2316602317,"f1-score":0.1851217869,"support":1295.0}}