{"loss":{"0":4.4496006966,"1":4.3335647583,"2":4.3120808601,"3":4.2816720009,"4":4.276509285,"5":4.2471666336,"6":4.2877135277,"7":4.2145476341,"8":4.1870203018,"9":4.1594877243,"10":4.1075739861,"11":4.0415649414,"12":4.012948513,"13":3.9874053001,"14":3.9836604595,"15":4.0218567848,"16":3.9077632427,"17":3.9087069035,"18":3.9388530254,"19":3.8639628887,"20":3.8234927654,"21":3.7884986401,"22":3.7584908009,"23":3.7384855747,"24":3.7742340565,"25":3.7434034348,"26":3.7351653576,"27":3.7048749924,"28":3.6716475487,"29":3.6836855412,"30":3.7453048229,"31":3.6995940208,"32":3.643692255,"33":3.5877752304,"34":3.5600590706,"35":3.5411491394,"36":3.5200517178,"37":3.5027832985,"38":3.4518501759,"39":3.4668745995,"40":3.4130327702,"41":3.4344081879,"42":3.434317112,"43":3.4091005325,"44":3.3905589581,"45":3.3210086823,"46":3.2997107506,"47":3.379001379,"48":3.3484363556,"49":3.351129055,"50":3.2794353962,"51":3.2527136803,"52":3.264285326,"53":3.2636551857,"54":3.1455526352,"55":3.2691218853,"56":3.1530694962,"57":3.1390864849,"58":3.0931465626,"59":3.1349966526,"60":3.1390070915,"61":3.0476973057,"62":3.0535128117,"63":3.1526246071,"64":3.0252327919,"65":3.0338487625,"66":2.9142885208,"67":3.066901207,"68":3.0003368855,"69":2.9520862103,"70":2.9136469364,"71":2.9620380402,"72":2.9366984367,"73":2.8448462486,"74":2.8363029957,"75":2.7938177586,"76":2.7812900543,"77":2.7285506725,"78":2.7364432812,"79":2.7761130333,"80":2.7476878166,"81":2.7901618481,"82":2.8007249832,"83":2.7047197819,"84":2.7347700596,"85":2.6324715614,"86":2.7085285187,"87":2.5811209679,"88":2.6280462742,"89":2.5865550041,"90":2.5441315174,"91":2.4999115467,"92":2.4883246422,"93":2.5029265881,"94":2.455476284,"95":2.4905509949,"96":2.4492838383,"97":2.7400577068,"98":2.7717542648,"99":2.7242116928},"accuracy":{"0":0.0529315956,"1":0.0439739414,"2":0.0407166108,"3":0.0488599353,"4":0.05859375,"5":0.0513029322,"6":0.0488599353,"7":0.0741042346,"8":0.0757329017,"9":0.0830618888,"10":0.0928338766,"11":0.1009771973,"12":0.1001628637,"13":0.1107491851,"14":0.109120518,"15":0.0993485376,"16":0.126562506,"17":0.1172638461,"18":0.1319218278,"19":0.135156244,"20":0.138281256,"21":0.1425081491,"22":0.1449511349,"23":0.146579802,"24":0.1368078142,"25":0.146579802,"26":0.1498371363,"27":0.1620521098,"28":0.1555374563,"29":0.1539087892,"30":0.1286644936,"31":0.1604234576,"32":0.1677524447,"33":0.1644951105,"34":0.1840390861,"35":0.1742670983,"36":0.1791530997,"37":0.1872964203,"38":0.195439741,"39":0.198437497,"40":0.2060260624,"41":0.2035830617,"42":0.1905537397,"43":0.1986970752,"44":0.1978827417,"45":0.214169383,"46":0.2100977153,"47":0.1978827417,"48":0.2100977153,"49":0.214169383,"50":0.225570038,"51":0.2231270373,"52":0.2288273573,"53":0.2027687281,"54":0.2296416909,"55":0.2198697031,"56":0.2361563444,"57":0.2385993451,"58":0.25,"59":0.2320846915,"60":0.2377850115,"61":0.25,"62":0.2483713329,"63":0.225570038,"64":0.2491856664,"65":0.2548860013,"66":0.2833876312,"67":0.2377850115,"68":0.2524429858,"69":0.26140064,"70":0.2833876312,"71":0.2573289871,"72":0.2801302969,"73":0.2736156285,"74":0.291530937,"75":0.3029316068,"76":0.291406244,"77":0.3135179281,"78":0.3086319268,"79":0.2960937619,"80":0.3029316068,"81":0.3110749125,"82":0.2793159485,"83":0.3171874881,"84":0.3061889112,"85":0.3371335566,"86":0.3110749125,"87":0.349218756,"88":0.3200325668,"89":0.3436481953,"90":0.3566775322,"91":0.3583061993,"92":0.364820838,"93":0.3623778522,"94":0.3550488651,"95":0.3517915308,"96":0.3623778522,"97":0.3135179281,"98":0.2947882712,"99":0.2923452854},"val_loss":{"0":4.3164644241,"1":4.3246183395,"2":4.2838025093,"3":4.3364691734,"4":4.2486987114,"5":4.3468542099,"6":4.2209324837,"7":4.1904687881,"8":4.2037801743,"9":4.171880722,"10":4.1073951721,"11":4.1461191177,"12":4.0422773361,"13":4.0354299545,"14":4.0752077103,"15":4.0045399666,"16":4.0070271492,"17":3.9863293171,"18":4.0604314804,"19":3.9263465405,"20":3.9238495827,"21":3.9485354424,"22":3.9310622215,"23":3.9014632702,"24":3.9328517914,"25":3.9070441723,"26":3.9159054756,"27":3.8433289528,"28":3.8243412971,"29":3.8237755299,"30":3.9533813,"31":4.0081105232,"32":3.7740340233,"33":3.8800773621,"34":3.8111920357,"35":3.7452583313,"36":3.7450585365,"37":3.7351806164,"38":3.7229113579,"39":3.6883575916,"40":3.6814670563,"41":3.7669963837,"42":3.8187460899,"43":3.6583740711,"44":3.7019019127,"45":3.6422219276,"46":3.774723053,"47":3.7187607288,"48":3.6849513054,"49":3.6660437584,"50":3.6887326241,"51":3.6817061901,"52":3.6786322594,"53":3.5756702423,"54":3.6381173134,"55":3.6162281036,"56":3.5806312561,"57":3.6815059185,"58":3.6768085957,"59":3.6145482063,"60":3.592250824,"61":3.6869874001,"62":3.7256934643,"63":3.6171615124,"64":3.6844527721,"65":3.6524543762,"66":3.7606067657,"67":3.6627025604,"68":3.6742012501,"69":3.753718853,"70":3.7319443226,"71":3.6479640007,"72":3.6578133106,"73":3.7683873177,"74":3.6484119892,"75":3.7256233692,"76":3.6680374146,"77":3.7780251503,"78":3.7494068146,"79":3.741546154,"80":3.772059679,"81":3.5936610699,"82":3.7089455128,"83":3.7032256126,"84":3.7292637825,"85":3.8341765404,"86":3.7737350464,"87":3.8098373413,"88":3.8305811882,"89":3.9024581909,"90":3.8739743233,"91":3.9295554161,"92":3.9332489967,"93":3.9795730114,"94":3.8918545246,"95":3.9336352348,"96":4.0512661934,"97":3.8202488422,"98":3.951731205,"99":3.8471980095},"val_accuracy":{"0":0.0539062507,"1":0.04296875,"2":0.0484374985,"3":0.0531250015,"4":0.0554687493,"5":0.0476562493,"6":0.073437497,"7":0.0765625015,"8":0.0687500015,"9":0.098437503,"10":0.100781247,"11":0.108593747,"12":0.120312497,"13":0.1171875,"14":0.09375,"15":0.129687503,"16":0.129687503,"17":0.125781253,"18":0.1117187515,"19":0.138281256,"20":0.117968753,"21":0.139843747,"22":0.134375006,"23":0.142187506,"24":0.1187499985,"25":0.135156244,"26":0.131249994,"27":0.140625,"28":0.1484375,"29":0.138281256,"30":0.12890625,"31":0.140625,"32":0.158593744,"33":0.1484375,"34":0.15234375,"35":0.158593744,"36":0.165625006,"37":0.169531256,"38":0.16796875,"39":0.174999997,"40":0.174218744,"41":0.166406244,"42":0.167187497,"43":0.182031244,"44":0.188281253,"45":0.19140625,"46":0.1640625,"47":0.19140625,"48":0.198437497,"49":0.185156256,"50":0.171093747,"51":0.177343756,"52":0.207812503,"53":0.203906253,"54":0.204687506,"55":0.197656244,"56":0.204687506,"57":0.194531247,"58":0.206249997,"59":0.20703125,"60":0.213281244,"61":0.200000003,"62":0.206249997,"63":0.202343747,"64":0.20703125,"65":0.20703125,"66":0.188281253,"67":0.21484375,"68":0.214062497,"69":0.206249997,"70":0.206249997,"71":0.21484375,"72":0.2109375,"73":0.203125,"74":0.232031256,"75":0.217968747,"76":0.21875,"77":0.232812494,"78":0.22265625,"79":0.210156247,"80":0.220312506,"81":0.225781247,"82":0.204687506,"83":0.220312506,"84":0.224218756,"85":0.232031256,"86":0.227343753,"87":0.232031256,"88":0.2421875,"89":0.234375,"90":0.236718744,"91":0.235156253,"92":0.24609375,"93":0.2421875,"94":0.240624994,"95":0.239843756,"96":0.244531244,"97":0.217968747,"98":0.20703125,"99":0.233593747},"lr":{"0":0.001,"1":0.0009999839,"2":0.0009999678,"3":0.0009999517,"4":0.0009999357,"5":0.0009999195,"6":0.0009999034,"7":0.0009998874,"8":0.0009998713,"9":0.0009998551,"10":0.000999839,"11":0.000999823,"12":0.0009998069,"13":0.0009997908,"14":0.0009997747,"15":0.0009997586,"16":0.0009997425,"17":0.0009997265,"18":0.0009997103,"19":0.0009996942,"20":0.0009996782,"21":0.0009996621,"22":0.000999646,"23":0.0009996298,"24":0.0009996138,"25":0.0009995977,"26":0.0009995817,"27":0.0009995656,"28":0.0009995494,"29":0.0009995333,"30":0.0009995173,"31":0.0009995012,"32":0.0009994851,"33":0.0009994691,"34":0.0009994529,"35":0.0009994368,"36":0.0009994208,"37":0.0009994047,"38":0.0009993886,"39":0.0009993726,"40":0.0009993564,"41":0.0009993403,"42":0.0009993243,"43":0.0009993082,"44":0.0009992921,"45":0.0009992761,"46":0.0009992599,"47":0.0009992438,"48":0.0009992277,"49":0.0009992117,"50":0.0009991956,"51":0.0009991796,"52":0.0009991635,"53":0.0009991473,"54":0.0009991312,